Run_ID,Timestamp,Op_Type,Action,Source,Destination
RUN-20260529-153511,2026-05-29 15:35:12,RENAME,ORGANIZE_VIDEO,C:/Users/Hrushikesh Bunni/Downloads/Telegram Desktop/C/madam beja - Copy\Madam.Beja.S01E06.Chapter.6.1080p.WEB.DL.MAX.DDP5.1.SDR..mkv,C:/Users/Hrushikesh Bunni/Downloads/Telegram Desktop/C/madam beja - Copy\madam beja Season 01\madam beja S01E06 - Capítulo 6 [1080p].mkv
RUN-20260529-153511,2026-05-29 15:35:12,RENAME,ORGANIZE_VIDEO,C:/Users/Hrushikesh Bunni/Downloads/Telegram Desktop/C/madam beja - Copy\Madam.Beja.S01E07.Chapter.7.1080p.WEB.DL.MAX.DDP5.1.SDR..mkv,C:/Users/Hrushikesh Bunni/Downloads/Telegram Desktop/C/madam beja - Copy\madam beja Season 01\madam beja S01E07 - Capítulo 7 [1080p].mkv
RUN-20260529-153511,2026-05-29 15:35:12,RENAME,ORGANIZE_VIDEO,C:/Users/Hrushikesh Bunni/Downloads/Telegram Desktop/C/madam beja - Copy\Madam.Beja.S01E08.Chapter.8.1080p.WEB.DL.MAX.DDP5.1.SDR..mkv,C:/Users/Hrushikesh Bunni/Downloads/Telegram Desktop/C/madam beja - Copy\madam beja Season 01\madam beja S01E08 - Capítulo 8 [1080p].mkv
RUN-20260529-153511,2026-05-29 15:35:12,RENAME,ORGANIZE_VIDEO,C:/Users/Hrushikesh Bunni/Downloads/Telegram Desktop/C/madam beja - Copy\Madam.Beja.S01E09.Chapter.9.1080p.WEB.DL.MAX.DDP5.1.SDR..mkv,C:/Users/Hrushikesh Bunni/Downloads/Telegram Desktop/C/madam beja - Copy\madam beja Season 01\madam beja S01E09 - Capítulo 9 [1080p].mkv
RUN-20260529-153511,2026-05-29 15:35:12,RENAME,ORGANIZE_VIDEO,C:/Users/Hrushikesh Bunni/Downloads/Telegram Desktop/C/madam beja - Copy\Madam.Beja.S01E10.Chapter.10.1080p.WEB.DL.MAX.DDP5.1.SDR.mkv,C:/Users/Hrushikesh Bunni/Downloads/Telegram Desktop/C/madam beja - Copy\madam beja Season 01\madam beja S01E10 - Capítulo 10 [1080p].mkv
RUN-20260529-153511,2026-05-29 15:35:12,RENAME,ORGANIZE_VIDEO,C:/Users/Hrushikesh Bunni/Downloads/Telegram Desktop/C/madam beja - Copy\Madam.Beja.S01E11.Chapter.11.1080p.WEB.DL.MAX.DDP5.1.SDR.mkv,C:/Users/Hrushikesh Bunni/Downloads/Telegram Desktop/C/madam beja - Copy\madam beja Season 01\madam beja S01E11 - Capítulo 11 [1080p].mkv
RUN-20260529-153511,2026-05-29 15:35:12,RENAME,ORGANIZE_VIDEO,C:/Users/Hrushikesh Bunni/Downloads/Telegram Desktop/C/madam beja - Copy\Madam.Beja.S01E12.Chapter.12.1080p.WEB.DL.MAX.DDP5.1.SDR.mkv,C:/Users/Hrushikesh Bunni/Downloads/Telegram Desktop/C/madam beja - Copy\madam beja Season 01\madam beja S01E12 - Capítulo 12 [1080p].mkv
RUN-20260529-153511,2026-05-29 15:35:12,RENAME,ORGANIZE_VIDEO,C:/Users/Hrushikesh Bunni/Downloads/Telegram Desktop/C/madam beja - Copy\Madam.Beja.S01E13.Chapter.13.1080p.WEB.DL.MAX.DDP5.1.SDR.mkv,C:/Users/Hrushikesh Bunni/Downloads/Telegram Desktop/C/madam beja - Copy\madam beja Season 01\madam beja S01E13 - Capítulo 13 [1080p].mkv
RUN-20260529-153511,2026-05-29 15:35:12,RENAME,ORGANIZE_VIDEO,C:/Users/Hrushikesh Bunni/Downloads/Telegram Desktop/C/madam beja - Copy\Madam.Beja.S01E14.Chapter.14.1080p.WEB.DL.MAX.DDP5.1.SDR.mkv,C:/Users/Hrushikesh Bunni/Downloads/Telegram Desktop/C/madam beja - Copy\madam beja Season 01\madam beja S01E14 - Capítulo 14 [1080p].mkv
RUN-20260529-153511,2026-05-29 15:35:12,RENAME,ORGANIZE_VIDEO,C:/Users/Hrushikesh Bunni/Downloads/Telegram Desktop/C/madam beja - Copy\Madam.Beja.S01E15.Chapter.15.1080p.WEB.DL.MAX.DDP5.1.SDR.mkv,C:/Users/Hrushikesh Bunni/Downloads/Telegram Desktop/C/madam beja - Copy\madam beja Season 01\madam beja S01E15 - Capítulo 15 [1080p].mkv
RUN-20260529-153511,2026-05-29 15:35:12,RENAME,ORGANIZE_VIDEO,C:/Users/Hrushikesh Bunni/Downloads/Telegram Desktop/C/madam beja - Copy\Madam.Beja.S01E16.Chapter.16.1080p.WEB.DL.MAX.DDP5.1.SDR.mkv,C:/Users/Hrushikesh Bunni/Downloads/Telegram Desktop/C/madam beja - Copy\madam beja Season 01\madam beja S01E16 - Capítulo 16 [1080p].mkv
RUN-20260529-153511,2026-05-29 15:35:12,RENAME,ORGANIZE_VIDEO,C:/Users/Hrushikesh Bunni/Downloads/Telegram Desktop/C/madam beja - Copy\Madam.Beja.S01E17.Chapter.17.1080p.WEB.DL.MAX.DDP5.1.SDR.mkv,C:/Users/Hrushikesh Bunni/Downloads/Telegram Desktop/C/madam beja - Copy\madam beja Season 01\madam beja S01E17 - Capítulo 17 [1080p].mkv
RUN-20260529-153511,2026-05-29 15:35:12,RENAME,ORGANIZE_VIDEO,C:/Users/Hrushikesh Bunni/Downloads/Telegram Desktop/C/madam beja - Copy\Madam.Beja.S01E18.Chapter.18.1080p.WEB.DL.MAX.DDP5.1.SDR.mkv,C:/Users/Hrushikesh Bunni/Downloads/Telegram Desktop/C/madam beja - Copy\madam beja Season 01\madam beja S01E18 - Capítulo 18 [1080p].mkv
RUN-20260529-153511,2026-05-29 15:35:12,RENAME,ORGANIZE_VIDEO,C:/Users/Hrushikesh Bunni/Downloads/Telegram Desktop/C/madam beja - Copy\Madam.Beja.S01E19.Chapter.19.1080p.WEB.DL.MAX.DDP5.1.SDR.mkv,C:/Users/Hrushikesh Bunni/Downloads/Telegram Desktop/C/madam beja - Copy\madam beja Season 01\madam beja S01E19 - Capítulo 19 [1080p].mkv
RUN-20260529-153511,2026-05-29 15:35:12,RENAME,ORGANIZE_VIDEO,C:/Users/Hrushikesh Bunni/Downloads/Telegram Desktop/C/madam beja - Copy\Madam.Beja.S01E20.Chapter.20.1080p.WEB.DL.MAX.DDP5.1.SDR.mkv,C:/Users/Hrushikesh Bunni/Downloads/Telegram Desktop/C/madam beja - Copy\madam beja Season 01\madam beja S01E20 - Capítulo 20 [1080p].mkv
RUN-20260529-153511,2026-05-29 15:35:12,RENAME,ORGANIZE_VIDEO,C:/Users/Hrushikesh Bunni/Downloads/Telegram Desktop/C/madam beja - Copy\Madam.Beja.S01E21.Chapter.21.1080p.WEB.DL.MAX.DDP5.1.SDR.mkv,C:/Users/Hrushikesh Bunni/Downloads/Telegram Desktop/C/madam beja - Copy\madam beja Season 01\madam beja S01E21 - Capítulo 21 [1080p].mkv
RUN-20260529-153511,2026-05-29 15:35:12,RENAME,ORGANIZE_VIDEO,C:/Users/Hrushikesh Bunni/Downloads/Telegram Desktop/C/madam beja - Copy\Madam.Beja.S01E22.Chapter.22.1080p.WEB.DL.MAX.DDP5.1.SDR.mkv,C:/Users/Hrushikesh Bunni/Downloads/Telegram Desktop/C/madam beja - Copy\madam beja Season 01\madam beja S01E22 - Capítulo 22 [1080p].mkv
RUN-20260529-153511,2026-05-29 15:35:12,RENAME,ORGANIZE_VIDEO,C:/Users/Hrushikesh Bunni/Downloads/Telegram Desktop/C/madam beja - Copy\Madam.Beja.S01E23.Chapter.23.1080p.WEB.DL.MAX.DDP5.1.SDR.mkv,C:/Users/Hrushikesh Bunni/Downloads/Telegram Desktop/C/madam beja - Copy\madam beja Season 01\madam beja S01E23 - Capítulo 23 [1080p].mkv
RUN-20260529-153511,2026-05-29 15:35:12,RENAME,ORGANIZE_VIDEO,C:/Users/Hrushikesh Bunni/Downloads/Telegram Desktop/C/madam beja - Copy\Madam.Beja.S01E24.Chapter.24.1080p.WEB.DL.MAX.DDP5.1.SDR.mkv,C:/Users/Hrushikesh Bunni/Downloads/Telegram Desktop/C/madam beja - Copy\madam beja Season 01\madam beja S01E24 - Capítulo 24 [1080p].mkv
RUN-20260529-153511,2026-05-29 15:35:12,RENAME,ORGANIZE_VIDEO,C:/Users/Hrushikesh Bunni/Downloads/Telegram Desktop/C/madam beja - Copy\Madam.Beja.S01E25.Chapter.25.1080p.WEB.DL.MAX.DDP5.1.SDR.mkv,C:/Users/Hrushikesh Bunni/Downloads/Telegram Desktop/C/madam beja - Copy\madam beja Season 01\madam beja S01E25 - Capítulo 25 [1080p].mkv
RUN-20260529-153511,2026-05-29 15:35:12,RENAME,ORGANIZE_VIDEO,C:/Users/Hrushikesh Bunni/Downloads/Telegram Desktop/C/madam beja - Copy\Madam.Beja.S01E26.Chapter.26.1080p.WEB.DL.MAX.DDP5.1.SDR.mkv,C:/Users/Hrushikesh Bunni/Downloads/Telegram Desktop/C/madam beja - Copy\madam beja Season 01\madam beja S01E26 - Capítulo 26 [1080p].mkv
RUN-20260529-153511,2026-05-29 15:35:12,RENAME,ORGANIZE_VIDEO,C:/Users/Hrushikesh Bunni/Downloads/Telegram Desktop/C/madam beja - Copy\Madam.Beja.S01E27.Chapter.27.1080p.WEB.DL.MAX.DDP5.1.SDR.mkv,C:/Users/Hrushikesh Bunni/Downloads/Telegram Desktop/C/madam beja - Copy\madam beja Season 01\madam beja S01E27 - Capítulo 27 [1080p].mkv
RUN-20260529-153511,2026-05-29 15:35:12,RENAME,ORGANIZE_VIDEO,C:/Users/Hrushikesh Bunni/Downloads/Telegram Desktop/C/madam beja - Copy\Madam.Beja.S01E28.Chapter.28.1080p.WEB.DL.MAX.DDP5.1.SDR.mkv,C:/Users/Hrushikesh Bunni/Downloads/Telegram Desktop/C/madam beja - Copy\madam beja Season 01\madam beja S01E28 - Capítulo 28 [1080p].mkv
RUN-20260529-153511,2026-05-29 15:35:12,RENAME,ORGANIZE_VIDEO,C:/Users/Hrushikesh Bunni/Downloads/Telegram Desktop/C/madam beja - Copy\Madam.Beja.S01E29.Chapter.29.1080p.WEB.DL.MAX.DDP5.1.SDR.mkv,C:/Users/Hrushikesh Bunni/Downloads/Telegram Desktop/C/madam beja - Copy\madam beja Season 01\madam beja S01E29 - Capítulo 29 [1080p].mkv
RUN-20260529-153511,2026-05-29 15:35:12,RENAME,ORGANIZE_VIDEO,C:/Users/Hrushikesh Bunni/Downloads/Telegram Desktop/C/madam beja - Copy\Madam.Beja.S01E30.Chapter.30.1080p.WEB.DL.MAX.DDP5.1.SDR.mkv,C:/Users/Hrushikesh Bunni/Downloads/Telegram Desktop/C/madam beja - Copy\madam beja Season 01\madam beja S01E30 - Capítulo 30 [1080p].mkv
RUN-20260529-153511,2026-05-29 15:35:12,RENAME,ORGANIZE_VIDEO,C:/Users/Hrushikesh Bunni/Downloads/Telegram Desktop/C/madam beja - Copy\Madam.Beja.S01E31.Chapter.31.1080p.WEB.DL.MAX.DDP5.1.SDR.mkv,C:/Users/Hrushikesh Bunni/Downloads/Telegram Desktop/C/madam beja - Copy\madam beja Season 01\madam beja S01E31 - Capítulo 31 [1080p].mkv
RUN-20260529-153511,2026-05-29 15:35:12,RENAME,ORGANIZE_VIDEO,C:/Users/Hrushikesh Bunni/Downloads/Telegram Desktop/C/madam beja - Copy\Madam.Beja.S01E32.Chapter.32.1080p.WEB.DL.MAX.DDP5.1.SDR.mkv,C:/Users/Hrushikesh Bunni/Downloads/Telegram Desktop/C/madam beja - Copy\madam beja Season 01\madam beja S01E32 - Capítulo 32 [1080p].mkv
RUN-20260529-153511,2026-05-29 15:35:12,RENAME,ORGANIZE_VIDEO,C:/Users/Hrushikesh Bunni/Downloads/Telegram Desktop/C/madam beja - Copy\Madam.Beja.S01E33.Chapter.33.1080p.WEB.DL.MAX.DDP5.1.SDR.mkv,C:/Users/Hrushikesh Bunni/Downloads/Telegram Desktop/C/madam beja - Copy\madam beja Season 01\madam beja S01E33 - Capítulo 33 [1080p].mkv
RUN-20260529-153511,2026-05-29 15:35:12,RENAME,ORGANIZE_VIDEO,C:/Users/Hrushikesh Bunni/Downloads/Telegram Desktop/C/madam beja - Copy\Madam.Beja.S01E34.Chapter.34.1080p.WEB.DL.MAX.DDP5.1.SDR.mkv,C:/Users/Hrushikesh Bunni/Downloads/Telegram Desktop/C/madam beja - Copy\madam beja Season 01\madam beja S01E34 - Capítulo 34 [1080p].mkv
RUN-20260529-153511,2026-05-29 15:35:12,RENAME,ORGANIZE_VIDEO,C:/Users/Hrushikesh Bunni/Downloads/Telegram Desktop/C/madam beja - Copy\Madam.Beja.S01E35.Chapter.35.1080p.WEB.DL.MAX.DDP5.1.SDR.mkv,C:/Users/Hrushikesh Bunni/Downloads/Telegram Desktop/C/madam beja - Copy\madam beja Season 01\madam beja S01E35 - Capítulo 35 [1080p].mkv
RUN-20260529-153511,2026-05-29 15:35:12,RENAME,ORGANIZE_VIDEO,C:/Users/Hrushikesh Bunni/Downloads/Telegram Desktop/C/madam beja - Copy\Madam.Beja.S01E36.Chapter.36.1080p.WEB.DL.MAX.DDP5.1.SDR.mkv,C:/Users/Hrushikesh Bunni/Downloads/Telegram Desktop/C/madam beja - Copy\madam beja Season 01\madam beja S01E36 - Capítulo 36 [1080p].mkv
RUN-20260529-153511,2026-05-29 15:35:12,RENAME,ORGANIZE_VIDEO,C:/Users/Hrushikesh Bunni/Downloads/Telegram Desktop/C/madam beja - Copy\Madam.Beja.S01E37.Chapter.37.1080p.WEB.DL.MAX.DDP5.1.SDR.mkv,C:/Users/Hrushikesh Bunni/Downloads/Telegram Desktop/C/madam beja - Copy\madam beja Season 01\madam beja S01E37 - Capítulo 37 [1080p].mkv
RUN-20260529-153511,2026-05-29 15:35:12,RENAME,ORGANIZE_VIDEO,C:/Users/Hrushikesh Bunni/Downloads/Telegram Desktop/C/madam beja - Copy\Madam.Beja.S01E38.Chapter.38.1080p.WEB.DL.MAX.DDP5.1.SDR.mkv,C:/Users/Hrushikesh Bunni/Downloads/Telegram Desktop/C/madam beja - Copy\madam beja Season 01\madam beja S01E38 - Capítulo 38 [1080p].mkv
RUN-20260529-153511,2026-05-29 15:35:12,RENAME,ORGANIZE_VIDEO,C:/Users/Hrushikesh Bunni/Downloads/Telegram Desktop/C/madam beja - Copy\Madam.Beja.S01E39.Chapter.39.1080p.WEB.DL.MAX.DDP5.1.SDR.mkv,C:/Users/Hrushikesh Bunni/Downloads/Telegram Desktop/C/madam beja - Copy\madam beja Season 01\madam beja S01E39 - Capítulo 39 [1080p].mkv
RUN-20260529-153511,2026-05-29 15:35:12,RENAME,ORGANIZE_VIDEO,C:/Users/Hrushikesh Bunni/Downloads/Telegram Desktop/C/madam beja - Copy\Madam.Beja.S01E40.Chapter.40.1080p.WEB.DL.MAX.DDP5.1.SDR.mkv,C:/Users/Hrushikesh Bunni/Downloads/Telegram Desktop/C/madam beja - Copy\madam beja Season 01\madam beja S01E40 - Capítulo 40 [1080p].mkv
RUN-20260529-153511,2026-05-29 15:35:12,RENAME,ORGANIZE_VIDEO,C:/Users/Hrushikesh Bunni/Downloads/Telegram Desktop/C/madam beja - Copy\Madam_Beja_S01E01_1080p_AMZN_WEB_DL_English_DDP5_1_H_265_4kHdHub.mkv,C:/Users/Hrushikesh Bunni/Downloads/Telegram Desktop/C/madam beja - Copy\madam beja Season 01\madam beja S01E01 - Capítulo 1 [1080p].mkv
RUN-20260529-153511,2026-05-29 15:35:12,RENAME,ORGANIZE_VIDEO,C:/Users/Hrushikesh Bunni/Downloads/Telegram Desktop/C/madam beja - Copy\Madam_Beja_S01E02_1080p_AMZN_WEB_DL_English_DDP5_1_H_265_4kHdHub.mkv,C:/Users/Hrushikesh Bunni/Downloads/Telegram Desktop/C/madam beja - Copy\madam beja Season 01\madam beja S01E02 - Capítulo 2 [1080p].mkv
RUN-20260529-153511,2026-05-29 15:35:12,RENAME,ORGANIZE_VIDEO,C:/Users/Hrushikesh Bunni/Downloads/Telegram Desktop/C/madam beja - Copy\Madam_Beja_S01E03_1080p_AMZN_WEB_DL_English_DDP5_1_H_265_4kHdHub.mkv,C:/Users/Hrushikesh Bunni/Downloads/Telegram Desktop/C/madam beja - Copy\madam beja Season 01\madam beja S01E03 - Capítulo 3 [1080p].mkv
RUN-20260529-153511,2026-05-29 15:35:12,RENAME,ORGANIZE_VIDEO,C:/Users/Hrushikesh Bunni/Downloads/Telegram Desktop/C/madam beja - Copy\Madam_Beja_S01E04_1080p_AMZN_WEB_DL_English_DDP5_1_H_265_4kHdHub.mkv,C:/Users/Hrushikesh Bunni/Downloads/Telegram Desktop/C/madam beja - Copy\madam beja Season 01\madam beja S01E04 - Capítulo 4 [1080p].mkv
RUN-20260529-153511,2026-05-29 15:35:12,RENAME,ORGANIZE_VIDEO,C:/Users/Hrushikesh Bunni/Downloads/Telegram Desktop/C/madam beja - Copy\Madam_Beja_S01E05_1080p_AMZN_WEB_DL_English_DDP5_1_H_265_4kHdHub.mkv,C:/Users/Hrushikesh Bunni/Downloads/Telegram Desktop/C/madam beja - Copy\madam beja Season 01\madam beja S01E05 - Capítulo 5 [1080p].mkv
